{"C17":-0.7970760307,"C10":0.4777611272,"C39":0.4777611232,"C12":0.3383349454,"C9":-0.2667781993,"C61":0.1849153764,"C36":-0.112092766,"C7":-0.112092766,"C63":-0.1062015216,"C11":0.1027387441,"C42":-0.0992669478,"C25":-0.093640804,"C48":0.0722317968,"C16":0.0722200216,"C15":0.0538955181,"C60":-0.0424030924,"C56":-0.0388657639,"C52":-0.0324842348,"C50":0.0298473038,"C4":0.0271364275,"C54":0.0264951606,"C62":0.0245635298,"C58":0.0227638003,"C5":0.0157896435,"C34":0.0134354943,"C35":0.0134354943,"C33":-0.0129863303,"C27":0.0116652821,"C41":0.0111504315,"C46":0.0109568521,"C57":0.0053201698,"C1":0.0043556692,"C18":-0.0043340183,"C31":0.0040859134,"C32":0.0030120828,"C59":0.00293427,"C49":0.0003346029}