split,n,rmse_holdout,R2
valid,1990,60.77973420017371,0.9460600986634995
test,1990,59.344195569969976,0.9485779899211828
