{
  "oof": 35.219078480239816,
  "valid": 34.68972264148811,
  "test": 35.01701159807989
}