{
  "oof": 34.581917072113455,
  "valid": 34.446268197329786,
  "test": 34.39276333943504
}